<?xml version="1.0" encoding="UTF-8"?>
<beans:beans xmlns="http://www.springframework.org/schema/mvc"
	xmlns:xsi="http://www.w3.org/2001/XMLSchema-instance"
	xmlns:beans="http://www.springframework.org/schema/beans"
	xmlns:context="http://www.springframework.org/schema/context"
	xsi:schemaLocation="http://www.springframework.org/schema/mvc https://www.springframework.org/schema/mvc/spring-mvc.xsd
		http://www.springframework.org/schema/beans https://www.springframework.org/schema/beans/spring-beans.xsd
		http://www.springframework.org/schema/context https://www.springframework.org/schema/context/spring-context.xsd">
	<annotation-driven />
	<resources location="/WEB-INF/images/, classpath=/WEB-INF/images/" mapping="/images/**" />
	<resources location="/WEB-INF/js/, classpath=/WEB-INF/js/" mapping="/js/**" />
	<resources location="/WEB-INF/css/, classpath=/WEB-INF/css/" mapping="/css/**" />
	<resources location="/WEB-INF/ckeditor/, classpath=/WEB-INF/ckeditor/" mapping="/ckeditor/**" />
	<beans:bean class="org.springframework.web.servlet.view.InternalResourceViewResolver">
		<beans:property name="prefix" value="/WEB-INF/views/" />
		<beans:property name="suffix" value=".jsp" />
	</beans:bean>
	<context:component-scan base-package="com.example.group" />
	<!-- 업로드 경로 설정 -->
		<beans:bean class="java.lang.String" id="uploadPath">
			<beans:constructor-arg value="c:\\upload2" />
		</beans:bean>
	<!-- 업로드 파일 용량 제한 -->
	<beans:bean class="org.springframework.web.multipart.commons.CommonsMultipartResolver"
	id="mutipartResolver">
	<beans:property name="maxUploadSize" value="10000000" />
	</beans:bean>
</beans:beans>
