<?xml version="1.0" encoding="UTF-8"?>
<!DOCTYPE mapper PUBLIC "-//mybatis.org//DTD Mapper 3.0//EN" "http://mybatis.org/dtd/mybatis-3-mapper.dtd">
<mapper namespace="employee">

	<sql id="search">
		<choose>
			<when test="searchOpt == 'all'">
				WHERE emp_name LIKE CONCAT('%',#{words},'%') OR 
				emp_num LIKE CONCAT('%',#{words},'%')
			</when>
			<otherwise>
				WHERE ${searchOpt} LIKE CONCAT('%',#{words},'%')
			</otherwise>
		</choose>
	</sql>

	<select id="getEmpList"
		resultType="com.example.group.model.Grp_empVO" parameterType="hashmap">
		SELECT
		emp_id AS empID,
		emp_buseo AS empBuseoCode,
		buseo_name
		AS empBuseoName,
		emp_grade AS empGradeCode,
		grade_name AS empGradeName,
		emp_num AS empNum,
		emp_name AS empName,
		emp_phone AS empPhone,
		emp_email AS empEmail,
		emp_enter AS empEnter,
		emp_regdate AS empRegdate,
		emp_confirm AS empConfirm,
		emp_step AS empStep,
		emp_head AS empHead,
		emp_auth AS empAuth
		FROM
		grp_employee LEFT JOIN grp_buseo ON emp_buseo =
		buseo_id
		LEFT JOIN grp_grade ON emp_grade = grade_id
		<include refid="search"></include>
		ORDER BY emp_id DESC limit #{start}, #{end}
	</select>
	
	<select id="getEmpCount"
		resultType="int" parameterType="hashmap">
		SELECT COUNT(emp_id) FROM grp_employee <include refid="search"></include>
	</select>

	<delete id="setEmpDelete" parameterType="int">
		DELETE FROM grp_employee WHERE emp_id = #{eid}
	</delete>
	
	<update id="setEmpHeadChange" parameterType="hashmap">
		UPDATE grp_employee SET emp_head = #{empHead} WHERE emp_id = #{empID}
	</update>
	
	<update id="setEmpConfirmChange" parameterType="hashmap">
		UPDATE grp_employee SET emp_confirm = #{empConfirm} WHERE emp_id = #{empID}
	</update>
	
	<update id="setEmpAuthChange" parameterType="hashmap">
		UPDATE grp_employee SET emp_auth = #{empAuth} WHERE emp_id = #{empID}
	</update>
	<select id="getEmpListUpdateOne" parameterType="int"
		resultType="com.example.group.model.Grp_empVO">
		SELECT
		emp_id AS empID,
		emp_buseo AS empBuseoCode,
		emp_grade AS empGradeCode,
		emp_num AS empNum,
		emp_name AS empName,
		emp_phone AS empPhone,
		emp_email
		AS empEmail,
		buseo_name AS empBuseoName,
		grade_name AS empGradeName
		FROM
		grp_employee LEFT JOIN grp_buseo ON emp_buseo =
		buseo_id
		LEFT JOIN grp_grade ON emp_grade = grade_id
		WHERE emp_id = #{empID}
	</select>
	<update id="setEmpListUpdateOne"
		parameterType="com.example.group.model.Grp_empVO">
		UPDATE grp_employee
		SET
		emp_buseo = #{empBuseoCode},
		emp_grade = #{empGradeCode},
		emp_num =
		#{empNum},
		emp_name =
		#{empName},
		emp_phone = #{empPhone},
		emp_email =
		#{empEmail}
		WHERE emp_id = #{empID}
	</update>
	
	
	
	<select id="getEmpOne" parameterType="String"
		resultType="com.example.group.model.Grp_empVO">
		SELECT
		emp_id AS empID,
		emp_buseo AS empBuseoCode,
		buseo_name
		AS empBuseoName,
		emp_grade AS empGradeCode,
		grade_name AS empGradeName,
		emp_num AS empNum,
		emp_name AS empName,
		emp_enter AS empEnter
		FROM grp_employee E,
		grp_buseo B, grp_grade G
		WHERE E.emp_buseo = B.buseo_id AND E.emp_grade
		= G.grade_id AND emp_num=#{sessionNum}
	</select>
</mapper>









