<?xml version="1.0" encoding="UTF-8"?>
<!DOCTYPE mapper PUBLIC "-//mybatis.org//DTD Mapper 3.0//EN" "http://mybatis.org/dtd/mybatis-3-mapper.dtd">
<mapper namespace="register">

	<select id="grpGetBuseo"
		resultType="com.example.group.model.Grp_buseoVO">
		SELECT * FROM grp_buseo
	</select>

	<select id="grpGetGrade"
		resultType="com.example.group.model.Grp_gradeVO">
		SELECT * FROM grp_grade
	</select>

	<insert id="setRegisterOne"
		parameterType="com.example.group.model.Grp_empVO">
		<selectKey keyProperty="ref" order="BEFORE" resultType="int">
			SELECT IFNULL(max(emp_id) + 1, 1) FROM grp_employee
		</selectKey>

		INSERT INTO grp_employee
		SET
		emp_buseo = #{empBuseoCode},
		emp_grade =
		#{empGradeCode},
		emp_enter = #{empEnter},
		emp_phone = #{empPhone},
		emp_email = #{empEmail},
		emp_name = #{empName},
		emp_pwd = #{empPwd},
		emp_regdate = now(),
		emp_step = #{empStep},
		emp_num = CONCAT(#{empNum},
		#{ref})
	</insert>
	<select id="idCheck" parameterType="String" resultType="int">
		SELECT
		COUNT(emp_num) FROM grp_employee WHERE emp_num = #{empNum}
	</select>

	<select id="EmpNumCheck" parameterType="hashmap"
		resultType="int">
		SELECT
		COUNT(emp_id) FROM grp_employee WHERE emp_num =
		#{empNum} AND emp_pwd
		= #{empPwd}
	</select>

	<select id="loginCheck" parameterType="hashmap"
		resultType="com.example.group.model.Grp_empVO">
		SELECT
		emp_num AS empNum,
		emp_name AS empName,
		emp_auth AS
		empAuth,
		emp_confirm AS empConfirm,
		emp_buseo AS empBuseoCode,
		emp_grade
		AS empGradeCode,
		buseo_name AS empBuseoName,
		grade_name AS empGradeName
		FROM grp_employee LEFT JOIN grp_buseo ON emp_buseo =
		buseo_id
		LEFT JOIN grp_grade ON emp_grade = grade_id
		WHERE emp_num =
		#{empNum} AND
		emp_pwd = #{empPwd}
	</select>

	<sql id="searchData">
		<choose>
			<when test="searchOpt == 'all'">
				WHERE emp_name LIKE CONCAT('%',#{words},'%') OR 
				emp_num LIKE CONCAT('%',#{words},'%')
			</when>
			<otherwise>
				WHERE ${searchOpt} LIKE CONCAT('%',#{words},'%')
			</otherwise>
		</choose>
	</sql>
	<select id="getRegisterAll"
		resultType="com.example.group.model.Grp_empVO" parameterType="hashmap">
		SELECT
		emp_id AS empID,
		emp_num AS empNum,
		emp_pwd AS empPwd,
		emp_name AS
		empName,
		emp_phone AS empPhone,
		emp_email AS empEmail,
		emp_buseo AS
		empBuseoCode,
		emp_grade AS empGradeCode,
		emp_regdate AS empRegdate,
		emp_enter AS
		empEnter,
		emp_photo AS empPhoto,
		emp_head AS empHead,
		emp_step AS
		empStep,
		emp_auth AS empAuth,
		emp_confirm AS empConfirm,
		buseo_name AS empBuseoName,
		grade_name AS empGradeName
		FROM
		grp_employee LEFT JOIN grp_buseo ON emp_buseo =
		buseo_id
		LEFT JOIN grp_grade ON emp_grade = grade_id
		<include refid="searchData"></include>
		ORDER BY emp_id DESC limit #{start}, #{end}
	</select>
	<select id="getCount" resultType="int" parameterType="hashmap">
		SELECT COUNT(emp_num) FROM grp_employee
		<include refid="searchData"></include>
	</select>
	<delete id="setRegisterDeleteOne" parameterType="int">
		DELETE FROM
		grp_employee WHERE emp_id = #{empID}
	</delete>
	<update id="levelChange"
		parameterType="com.example.group.model.Grp_empVO">
		UPDATE grp_employee SET
		emp_auth = #{empAuth} WHERE
		emp_num = #{empNum}
	</update>
	<update id="setRegConfirm"
		parameterType="com.example.group.model.Grp_empVO">
		UPDATE grp_employee SET
		emp_confirm = #{empConfirm} WHERE
		emp_num = #{empNum}
	</update>
	<select id="getRegisterUpdateOne" parameterType="int"
		resultType="com.example.group.model.Grp_empVO">
		SELECT
		emp_id AS empID,
		emp_buseo AS empBuseoCode,
		emp_grade AS empGradeCode,
		emp_num AS empNum,
		emp_name AS empName,
		emp_phone AS empPhone,
		emp_email
		AS empEmail,
		buseo_name AS empBuseoName,
		grade_name AS empGradeName
		FROM
		grp_employee LEFT JOIN grp_buseo ON emp_buseo =
		buseo_id
		LEFT JOIN grp_grade ON emp_grade = grade_id
		WHERE emp_id = #{empID}
	</select>
	<update id="setRegisterUpdateOne"
		parameterType="com.example.group.model.Grp_empVO">
		UPDATE grp_employee
		SET
		emp_buseo = #{empBuseoCode},
		emp_grade = #{empGradeCode},
		emp_num =
		#{empNum},
		emp_name =
		#{empName},
		emp_phone = #{empPhone},
		emp_email =
		#{empEmail}
		WHERE emp_id = #{empID}
	</update>

</mapper>












