<?xml version="1.0" encoding="UTF-8"?>
<!DOCTYPE mapper PUBLIC "-//mybatis.org//DTD Mapper 3.0//EN" "http://mybatis.org/dtd/mybatis-3-mapper.dtd">
<mapper namespace="contract">

	<insert id="setContract" parameterType="contractvo">
		INSERT INTO contract SET 
		cont_doc_num = #{contDocNum},
		cont_com_name = #{contComName},
		cont_emp_company = #{contEmpCompany},
		cont_depart_name = #{contDepartName},
		cont_position_name = #{contPositionName},
		cont_emp_name = #{contEmpName},
		cont_client_company = #{contClientCompany},
		cont_client_ceo_name = #{contClientCeoName},
		cont_client_responsibility 	= #{contClientResponsibility},
		cont_client_res_cp 	= #{contClientResCp},
		cont_client_res_email = #{contClientResEmail},
		cont_orderDate 	= #{contOrderDate},
		cont_dueDate = #{contDueDate},
		cont_note = #{contNote},
		client_license_num_fk = #{clientLicenseNumFk}
	</insert>
	
	<select id="getID" resultType="int" parameterType="String">
		SELECT 
		MAX(cont_id) AS contID FROM contract WHERE client_license_num_fk = #{clientLicenseNumFk}
	</select>
	
	<select id="getCode" resultType="String" parameterType= "hashmap">
		SELECT client_code AS ClientCode FROM contract 
		LEFT JOIN client ON #{clientLicenseNumFk} = client_license_num 
		WHERE cont_id = #{contID}
	</select>
	
	<update id="setContDocNum" parameterType="hashmap">
		UPDATE contract SET 
		cont_doc_num = #{contDocNum} 
		WHERE cont_id = #{contID}
	</update>
</mapper>