<?xml version="1.0" encoding="UTF-8"?>
<!DOCTYPE mapper PUBLIC "-//mybatis.org//DTD Mapper 3.0//EN" "http://mybatis.org/dtd/mybatis-3-mapper.dtd">
<mapper namespace="car">
	<insert id="setCar" parameterType="carvo" >
		INSERT INTO corp_car SET 
		car_model  = #{carModel},
		car_name = #{carName},
		car_num = #{carNum},
		car_purchase_date = #{carPurchaseDate},
		car_purchase_price = #{carPurchasePrice},
		car_use_year = #{carUseYear},
		car_scrap_value = #{carScrapValue},
		car_insurance_start = #{carInsuranceStart},
		car_insurance_end = #{carInsuranceEnd},
		car_comprehensive = #{carComprehensive},
		car_inspection = #{carInspection},
		car_total_mileage = #{carTotalMileage}
	</insert>
	
	<insert id="setCarUse" parameterType="carvo" >
		INSERT INTO corp_car_log SET 
		car_drive_date  = #{carDriveDate},
		car_destination = #{carDestination},
		car_purpose = #{carPurpose},
		car_drive_start = #{carDriveStart},
		car_drive_end = #{carDriveEnd},
		car_start_km = #{carStartKm},
		car_end_km = #{carEndKm},
		car_driver = #{carDriver},
		car_passenger = #{carPassenger},
		car_key = #{carKey},
		car_fuel = #{carFuel},
		car_fuel_amount = #{carFuelAmount},
		car_remark = #{carRemark}
	</insert>
	
	
	<select id ="getCarList" parameterType="hashmap" resultType="carvo">
		SELECT 
		car_id AS carID,
		car_model AS carModel,
		car_name AS carName,
		car_num AS carNum,
		car_purchase_date AS carPurchaseDate,
		car_purchase_price AS carPurchasePrice,
		car_use_year AS carUseYear,
		car_scrap_value AS carScrapValue,
		car_insurance_start AS carInsuranceStart,
		car_insurance_end AS carInsuranceEnd,
		car_comprehensive AS carComprehensive,
		car_inspection AS carInspection,
		car_total_mileage AS carTotalMileage 
		FROM corp_car 
		<include refid="search"></include>  
	ORDER BY carID DESC
	</select>
	
	<sql id="search">
		<choose>
			<when test = "searchOpt == 'all'">
				WHERE carNum LIKE CONCAT('%', #{words}, '%') 
				OR carModel LIKE CONCAT('%', #{words}, '%')
			</when>
			<otherwise> 
				WHERE ${searchOpt} LIKE CONCAT('%', #{words}, '%')
			</otherwise>
		</choose>
	</sql>
	
	
</mapper>